key,name_key,name,position,consensus_adp,n_sources,ESPN,Sleeper,consensus_rank
jahmyrgibbs,jahmyrgibbs,Jahmyr Gibbs,RB,1.36,2,1.72,1.0,1.0
bijanrobinson,bijanrobinson,Bijan Robinson,RB,2.24,2,2.48,2.0,2.0
pukanacua,pukanacua,Puka Nacua,WR,3.33,2,3.66,3.0,3.0
jamarrchase,jamarrchase,Ja'Marr Chase,WR,4.3,2,4.6,4.0,4.0
christianmccaffrey,christianmccaffrey,Christian McCaffrey,RB,5.45,2,5.9,5.0,5.0
jaxonsmithnjigba,jaxonsmithnjigba,Jaxon Smith-Njigba,WR,6.0,2,5.99,6.0,6.0
amonrastbrown,amonrastbrown,Amon-Ra St. Brown,WR,7.48,2,7.96,7.0,7.0
jonathantaylor,jonathantaylor,Jonathan Taylor,RB,8.13,2,8.26,8.0,8.0
ceedeelamb,ceedeelamb,CeeDee Lamb,WR,9.85,2,10.7,9.0,9.0
justinjefferson,justinjefferson,Justin Jefferson,WR,11.04,2,12.08,10.0,10.0
devonachane,devonachane,De'Von Achane,RB,11.84,2,12.67,11.0,11.0
jamescook,jamescook,James Cook III,RB,12.95,2,13.9,12.0,12.0
ashtonjeanty,ashtonjeanty,Ashton Jeanty,RB,14.59,2,16.17,13.0,13.0
saquonbarkley,saquonbarkley,Saquon Barkley,RB,15.22,2,16.44,14.0,14.0
jeremiyahlove,jeremiyahlove,Jeremiyah Love,RB,16.36,2,17.72,15.0,15.0
derrickhenry,derrickhenry,Derrick Henry,RB,17.91,2,19.82,16.0,16.0
treymcbride,treymcbride,Trey McBride,TE,18.2,2,19.4,17.0,17.0
drakelondon,drakelondon,Drake London,WR,18.83,2,19.66,18.0,18.0
omarionhampton,omarionhampton,Omarion Hampton,RB,19.76,2,20.51,19.0,19.0
joshallen,joshallen,Josh Allen,QB,21.56,2,23.12,20.0,20.0
brockbowers,brockbowers,Brock Bowers,TE,22.16,2,23.32,21.0,21.0
rasheerice,rasheerice,Rashee Rice,WR,23.12,2,24.25,22.0,22.0
nicocollins,nicocollins,Nico Collins,WR,24.52,2,26.04,23.0,23.0
joshjacobs,joshjacobs,Josh Jacobs,RB,25.16,2,26.33,24.0,24.0
chasebrown,chasebrown,Chase Brown,RB,25.91,2,26.83,25.0,25.0
ajbrown,ajbrown,A.J. Brown,WR,26.31,2,26.62,26.0,26.0
georgepickens,georgepickens,George Pickens,WR,27.3,2,27.61,27.0,27.0
kennethwalkeriii,kennethwalkeriii,Kenneth Walker III,RB,28.26,2,28.51,28.0,28.0
breecehall,breecehall,Breece Hall,RB,30.93,2,32.86,29.0,29.0
chrisolave,chrisolave,Chris Olave,WR,32.28,2,34.57,30.0,30.0
garrettwilson,garrettwilson,Garrett Wilson,WR,33.33,2,35.66,31.0,31.0
devontasmith,devontasmith,DeVonta Smith,WR,34.75,2,37.5,32.0,32.0
javontewilliams,javontewilliams,Javonte Williams,RB,35.27,2,37.53,33.0,33.0
maliknabers,maliknabers,Malik Nabers,WR,36.96,2,39.92,34.0,34.0
lamarjackson,lamarjackson,Lamar Jackson,QB,37.09,2,39.17,35.0,35.0
kyrenwilliams,kyrenwilliams,Kyren Williams,RB,37.72,2,39.43,36.0,36.0
cameronskattebo,cameronskattebo,Cameron Skattebo,RB,38.0,1,,38.0,37.0
tetairoamcmillan,tetairoamcmillan,Tetairoa McMillan,WR,38.94,2,40.87,37.0,38.0
zayflowers,zayflowers,Zay Flowers,WR,41.23,2,43.47,39.0,39.0
emekaegbuka,emekaegbuka,Emeka Egbuka,WR,41.56,2,43.13,40.0,40.0
colstonloveland,colstonloveland,Colston Loveland,TE,42.88,2,44.76,41.0,41.0
camskattebo,camskattebo,Cam Skattebo,RB,43.42,1,43.42,,42.0
davanteadams,davanteadams,Davante Adams,WR,43.93,2,45.86,42.0,43.0
travisetienne,travisetienne,Travis Etienne Jr.,RB,44.72,2,46.43,43.0,44.0
tylerwarren,tylerwarren,Tyler Warren,TE,45.34,2,46.67,44.0,45.0
drakemaye,drakemaye,Drake Maye,QB,46.72,2,48.43,45.0,46.0
jaydendaniels,jaydendaniels,Jayden Daniels,QB,49.14,2,52.27,46.0,47.0
teehiggins,teehiggins,Tee Higgins,WR,50.41,2,53.81,47.0,48.0
buckyirving,buckyirving,Bucky Irving,RB,51.62,2,55.25,48.0,49.0
quinshonjudkins,quinshonjudkins,Quinshon Judkins,RB,51.95,2,54.9,49.0,50.0
jalenhurts,jalenhurts,Jalen Hurts,QB,52.92,2,55.84,50.0,51.0
laddmcconkey,laddmcconkey,Ladd McConkey,WR,54.33,2,56.65,52.0,52.0
terrymclaurin,terrymclaurin,Terry McLaurin,WR,54.38,2,57.75,51.0,53.0
joeburrow,joeburrow,Joe Burrow,QB,55.7,2,58.39,53.0,54.0
jaylenwaddle,jaylenwaddle,Jaylen Waddle,WR,56.98,2,59.95,54.0,55.0
treveyonhenderson,treveyonhenderson,TreVeyon Henderson,RB,59.59,2,64.17,55.0,56.0
carnelltate,carnelltate,Carnell Tate,WR,60.57,2,65.14,56.0,57.0
kylepitts,kylepitts,Kyle Pitts Sr.,TE,61.85,2,66.7,57.0,58.0
jamesonwilliams,jamesonwilliams,Jameson Williams,WR,62.6,2,67.21,58.0,59.0
djmoore,djmoore,D.J. Moore,WR,64.42,2,69.84,59.0,60.0
dandreswift,dandreswift,D'Andre Swift,RB,65.33,2,70.66,60.0,61.0
jadarianprice,jadarianprice,Jadarian Price,RB,66.4,2,71.8,61.0,62.0
davidmontgomery,davidmontgomery,David Montgomery,RB,67.26,2,72.52,62.0,63.0
samlaporta,samlaporta,Sam LaPorta,TE,68.02,2,72.04,64.0,64.0
haroldfannin,haroldfannin,Harold Fannin Jr.,TE,68.5,2,74.01,63.0,65.0
romeodunze,romeodunze,Rome Odunze,WR,68.88,2,72.76,65.0,66.0
jaxsondart,jaxsondart,Jaxson Dart,QB,69.62,2,73.23,66.0,67.0
lutherburden,lutherburden,Luther Burden III,WR,71.58,2,76.16,67.0,68.0
bhayshultuten,bhayshultuten,Bhayshul Tuten,RB,72.2,2,76.4,68.0,69.0
marvinharrisonjr,marvinharrisonjr,Marvin Harrison Jr.,WR,75.77,2,82.53,69.0,70.0
georgekittle,georgekittle,George Kittle,TE,76.23,2,82.46,70.0,71.0
houstontexans,houstontexans,Houston Texans,DST,77.0,1,,77.0,72.0
brandonaubrey,brandonaubrey,Brandon Aubrey,K,77.83,2,84.66,71.0,73.0
denverbroncos,denverbroncos,Denver Broncos,DST,79.0,1,,79.0,74.0
mikeevans,mikeevans,Mike Evans,WR,79.05,2,86.1,72.0,75.0
dkmetcalf,dkmetcalf,D.K. Metcalf,WR,79.67,2,86.35,73.0,76.0
matthewstafford,matthewstafford,Matthew Stafford,QB,80.47,2,85.94,75.0,77.0
courtlandsutton,courtlandsutton,Courtland Sutton,WR,80.52,2,87.04,74.0,78.0
michaelpittmanjr,michaelpittmanjr,Michael Pittman Jr.,WR,82.34,2,88.68,76.0,79.0
tonypollard,tonypollard,Tony Pollard,RB,83.27,2,88.53,78.0,80.0
alecpierce,alecpierce,Alec Pierce,WR,85.92,2,91.84,80.0,81.0
dakprescott,dakprescott,Dak Prescott,QB,87.62,2,93.24,82.0,82.0
jordyntyson,jordyntyson,Jordyn Tyson,WR,87.87,2,94.74,81.0,83.0
losangelesrams,losangelesrams,Los Angeles Rams,DST,88.0,1,,88.0,84.0
calebwilliams,calebwilliams,Caleb Williams,QB,88.5,2,93.99,83.0,85.0
texansdst,texansdst,Texans D/ST,DST,89.33,1,89.33,,86.0
broncosdst,broncosdst,Broncos D/ST,DST,90.62,1,90.62,,87.0
christianwatson,christianwatson,Christian Watson,WR,90.83,2,96.65,85.0,88.0
chubahubbard,chubahubbard,Chuba Hubbard,RB,91.05,2,98.1,84.0,89.0
traviskelce,traviskelce,Travis Kelce,TE,91.76,2,97.52,86.0,90.0
jaylenwarren,jaylenwarren,Jaylen Warren,RB,92.52,2,98.03,87.0,91.0
seattleseahawks,seattleseahawks,Seattle Seahawks,DST,93.0,1,,93.0,92.0
brianthomasjr,brianthomasjr,Brian Thomas Jr.,WR,95.04,2,101.08,89.0,93.0
brockpurdy,brockpurdy,Brock Purdy,QB,95.81,2,101.61,90.0,94.0
dallasgoedert,dallasgoedert,Dallas Goedert,TE,96.61,2,102.22,91.0,95.0
parkerwashington,parkerwashington,Parker Washington,WR,97.31,2,102.63,92.0,96.0
trevorlawrence,trevorlawrence,Trevor Lawrence,QB,98.65,2,102.29,95.0,97.0
ramsdst,ramsdst,Rams D/ST,DST,98.91,1,98.91,,98.0
ricodowdle,ricodowdle,Rico Dowdle,RB,99.15,2,104.29,94.0,99.0
makailemon,makailemon,Makai Lemon,WR,101.69,2,107.37,96.0,100.0
patrickmahomes,patrickmahomes,Patrick Mahomes,QB,101.79,2,106.58,97.0,101.0
jakobimeyers,jakobimeyers,Jakobi Meyers,WR,103.15,2,108.3,98.0,102.0
bonix,bonix,Bo Nix,QB,103.5,2,105.99,101.0,103.0
tuckerkraft,tuckerkraft,Tucker Kraft,TE,103.69,2,108.38,99.0,104.0
seahawksdst,seahawksdst,Seahawks D/ST,DST,104.3,1,104.3,,105.0
jakeferguson,jakeferguson,Jake Ferguson,TE,105.41,2,108.83,102.0,106.0
aaronjones,aaronjones,Aaron Jones Sr.,RB,105.43,2,110.86,100.0,107.0
rhamondrestevenson,rhamondrestevenson,Rhamondre Stevenson,RB,106.09,2,109.19,103.0,108.0
camerondicker,camerondicker,Cameron Dicker,K,106.89,2,109.78,104.0,109.0
matthewgolden,matthewgolden,Matthew Golden,WR,107.02,2,109.03,105.0,110.0
kennethgainwell,kennethgainwell,Kenneth Gainwell,RB,108.0,1,,108.0,111.0
wandalerobinson,wandalerobinson,Wan'Dale Robinson,WR,109.03,2,112.05,106.0,112.0
jkdobbins,jkdobbins,J.K. Dobbins,RB,111.03,2,115.05,107.0,113.0
justinherbert,justinherbert,Justin Herbert,QB,111.72,2,113.43,110.0,114.0
rachaadwhite,rachaadwhite,Rachaad White,RB,113.0,2,116.99,109.0,115.0
michaelwilson,michaelwilson,Michael Wilson,WR,113.19,2,115.38,111.0,116.0
travishunter,travishunter,Travis Hunter,WR,115.08,2,118.15,112.0,117.0
pittsburghsteelers,pittsburghsteelers,Pittsburgh Steelers,DST,116.0,1,,116.0,118.0
kennygainwell,kennygainwell,Kenny Gainwell,RB,116.45,1,116.45,,119.0
rjharvey,rjharvey,RJ Harvey,RB,116.48,2,119.97,113.0,120.0
kylemonangai,kylemonangai,Kyle Monangai,RB,117.19,2,120.37,114.0,121.0
rickypearsall,rickypearsall,Ricky Pearsall,WR,117.37,2,119.73,115.0,122.0
jasonmyers,jasonmyers,Jason Myers,K,119.02,2,121.04,117.0,123.0
steelersdst,steelersdst,Steelers D/ST,DST,119.75,1,119.75,,124.0
jordanaddison,jordanaddison,Jordan Addison,WR,121.34,2,123.69,119.0,125.0
chrisgodwin,chrisgodwin,Chris Godwin Jr.,WR,122.42,2,126.85,118.0,126.0
isaiahlikely,isaiahlikely,Isaiah Likely,TE,123.59,2,127.17,120.0,127.0
markandrews,markandrews,Mark Andrews,TE,124.16,2,127.31,121.0,128.0
jonathonbrooks,jonathonbrooks,Jonathon Brooks,RB,126.16,2,130.31,122.0,129.0
kaimifairbairn,kaimifairbairn,Ka'imi Fairbairn,K,127.22,2,131.43,123.0,130.0
blakecorum,blakecorum,Blake Corum,RB,127.91,2,131.82,124.0,131.0
philadelphiaeagles,philadelphiaeagles,Philadelphia Eagles,DST,128.0,1,,128.0,132.0
newenglandpatriots,newenglandpatriots,New England Patriots,DST,129.0,1,,129.0,133.0
joshdowns,joshdowns,Josh Downs,WR,129.48,2,133.96,125.0,134.0
khalilshakir,khalilshakir,Khalil Shakir,WR,130.5,2,134.01,127.0,135.0
xavierworthy,xavierworthy,Xavier Worthy,WR,130.82,2,135.64,126.0,136.0
baltimoreravens,baltimoreravens,Baltimore Ravens,DST,132.0,1,,132.0,137.0
camlittle,camlittle,Cam Little,K,133.7,2,136.41,131.0,138.0
kcconcepcion,kcconcepcion,KC Concepcion,WR,133.82,2,137.65,130.0,139.0
harrisonmevis,harrisonmevis,Harrison Mevis,K,134.8,2,136.6,133.0,140.0
eaglesdst,eaglesdst,Eagles D/ST,DST,134.99,1,134.99,,141.0
jacorycroskeymerritt,jacorycroskeymerritt,Jacory Croskey-Merritt,RB,135.87,2,137.73,134.0,142.0
ravensdst,ravensdst,Ravens D/ST,DST,136.2,1,136.2,,143.0
jaydenreed,jaydenreed,Jayden Reed,WR,136.89,2,138.79,135.0,144.0
tjhockenson,tjhockenson,T.J. Hockenson,TE,137.2,2,138.4,136.0,145.0
patriotsdst,patriotsdst,Patriots D/ST,DST,137.96,1,137.96,,146.0
kenyonsadiq,kenyonsadiq,Kenyon Sadiq,TE,138.75,2,139.5,138.0,147.0
quentinjohnston,quentinjohnston,Quentin Johnston,WR,139.44,2,141.88,137.0,148.0
daltonkincaid,daltonkincaid,Dalton Kincaid,TE,140.69,2,142.39,139.0,149.0
romeodoubs,romeodoubs,Romeo Doubs,WR,142.69,2,145.39,140.0,150.0
jaredgoff,jaredgoff,Jared Goff,QB,143.01,2,145.02,141.0,151.0
woodymarks,woodymarks,Woody Marks,RB,144.47,2,146.93,142.0,152.0
jordanmason,jordanmason,Jordan Mason,RB,145.88,2,147.77,144.0,153.0
zachcharbonnet,zachcharbonnet,Zach Charbonnet,RB,146.03,2,149.06,143.0,154.0
eddypineiro,eddypineiro,Eddy Pineiro,K,147.16,2,149.31,145.0,155.0
hunterhenry,hunterhenry,Hunter Henry,TE,147.97,2,148.95,147.0,156.0
alvinkamara,alvinkamara,Alvin Kamara,RB,149.28,2,152.55,146.0,157.0
kylermurray,kylermurray,Kyler Murray,QB,150.17,2,151.34,149.0,158.0
isiahpacheco,isiahpacheco,Isiah Pacheco,RB,150.73,2,153.46,148.0,159.0
bakermayfield,bakermayfield,Baker Mayfield,QB,151.57,2,152.15,151.0,160.0
jakebates,jakebates,Jake Bates,K,151.74,2,153.48,150.0,161.0
harrisonbutker,harrisonbutker,Harrison Butker,K,152.41,2,152.82,152.0,162.0
detroitlions,detroitlions,Detroit Lions,DST,153.0,1,,153.0,163.0
lionsdst,lionsdst,Lions D/ST,DST,153.62,1,153.62,,164.0
clevelandbrowns,clevelandbrowns,Cleveland Browns,DST,154.0,1,,154.0,165.0
brownsdst,brownsdst,Browns D/ST,DST,154.05,1,154.05,,166.0
tylershough,tylershough,Tyler Shough,QB,154.89,2,154.79,155.0,167.0
neworleanssaints,neworleanssaints,New Orleans Saints,TQB,155.0,1,,155.0,168.0
rashidshaheed,rashidshaheed,Rashid Shaheed,WR,157.69,2,158.37,157.0,169.0
tyjaespears,tyjaespears,Tyjae Spears,RB,158.04,2,160.08,156.0,170.0
jaydenhiggins,jaydenhiggins,Jayden Higgins,WR,158.54,2,159.08,158.0,171.0
jalencoker,jalencoker,Jalen Coker,WR,159.49,2,159.97,159.0,172.0
jordanlove,jordanlove,Jordan Love,QB,160.43,2,160.86,160.0,173.0
jacksonvillejaguars,jacksonvillejaguars,Jacksonville Jaguars,DST,161.0,1,,161.0,174.0
tylerloop,tylerloop,Tyler Loop,K,161.88,2,161.76,162.0,175.0
jaguarsdst,jaguarsdst,Jaguars D/ST,DST,162.05,1,162.05,,176.0
chargersdst,chargersdst,Chargers D/ST,DST,162.16,1,162.16,,177.0
chrisboswell,chrisboswell,Chris Boswell,K,162.44,2,161.89,163.0,178.0
chiefsdst,chiefsdst,Chiefs D/ST,DST,162.91,1,162.91,,179.0
vikingsdst,vikingsdst,Vikings D/ST,DST,163.75,1,163.75,,180.0
minnesotavikings,minnesotavikings,Minnesota Vikings,DST,164.0,1,,164.0,181.0
stefondiggs,stefondiggs,Stefon Diggs,WR,164.84,2,163.68,166.0,182.0
losangeleschargers,losangeleschargers,Los Angeles Chargers,DST,165.0,1,,165.0,183.0
juwanjohnson,juwanjohnson,Juwan Johnson,TE,166.26,2,164.53,168.0,184.0
danieljones,danieljones,Daniel Jones,QB,166.65,2,164.3,169.0,185.0
kansascitychiefs,kansascitychiefs,Kansas City Chiefs,DST,167.0,1,,167.0,186.0
jerryjeudy,jerryjeudy,Jerry Jeudy,WR,167.17,2,164.34,170.0,187.0
camward,camward,Cam Ward,QB,167.17,1,167.17,,188.0
cowboysdst,cowboysdst,Cowboys D/ST,DST,167.48,1,167.48,,189.0
packersdst,packersdst,Packers D/ST,DST,167.67,1,167.67,,190.0
samdarnold,samdarnold,Sam Darnold,QB,167.86,2,164.71,171.0,191.0
willreichard,willreichard,Will Reichard,K,168.56,2,165.13,172.0,192.0
49ersdst,49ersdst,49ers D/ST,DST,168.6,1,168.6,,193.0
chigokonkwo,chigokonkwo,Chig Okonkwo,TE,168.63,1,168.63,,194.0
buccaneersdst,buccaneersdst,Buccaneers D/ST,DST,168.91,1,168.91,,195.0
indianapoliscolts,indianapoliscolts,Indianapolis Colts,TQB,169.0,1,,169.0,196.0
giantsdst,giantsdst,Giants D/ST,DST,169.28,1,169.28,,197.0
bearsdst,bearsdst,Bears D/ST,DST,169.29,1,169.29,,198.0
billsdst,billsdst,Bills D/ST,DST,169.33,1,169.33,,199.0
bengalsdst,bengalsdst,Bengals D/ST,DST,169.45,1,169.45,,200.0
omarcooper,omarcooper,Omar Cooper Jr.,WR,169.5,2,165.99,173.0,201.0
dolphinsdst,dolphinsdst,Dolphins D/ST,DST,169.59,1,169.59,,202.0
commandersdst,commandersdst,Commanders D/ST,DST,169.64,1,169.64,,203.0
raidersdst,raidersdst,Raiders D/ST,DST,169.66,1,169.66,,204.0
panthersdst,panthersdst,Panthers D/ST,DST,169.69,1,169.69,,205.0
jalenmcmillan,jalenmcmillan,Jalen McMillan,WR,169.79,2,165.58,174.0,206.0
cardinalsdst,cardinalsdst,Cardinals D/ST,DST,169.8,1,169.8,,207.0
titansdst,titansdst,Titans D/ST,DST,169.87,1,169.87,,208.0
jetsdst,jetsdst,Jets D/ST,DST,169.89,1,169.89,,209.0
jameiswinston,jameiswinston,Jameis Winston,QB,169.92,1,169.92,,210.0
antoniowilliams,antoniowilliams,Antonio Williams,WR,169.93,1,169.93,,211.0
zachariahbranch,zachariahbranch,Zachariah Branch,WR,169.94,1,169.94,,212.0
tyquanthornton,tyquanthornton,Tyquan Thornton,WR,169.95,1,169.95,,213.0
cadestover,cadestover,Cade Stover,TE,169.96,1,169.96,,214.0
jalenroyals,jalenroyals,Jalen Royals,WR,169.96,1,169.96,,215.0
tysimpson,tysimpson,Ty Simpson,QB,169.96,1,169.96,,216.0
tutuatwell,tutuatwell,Tutu Atwell,WR,169.97,1,169.97,,217.0
macjones,macjones,Mac Jones,QB,169.97,1,169.97,,218.0
mitchellevans,mitchellevans,Mitchell Evans,TE,169.97,1,169.97,,219.0
falconsdst,falconsdst,Falcons D/ST,DST,169.97,1,169.97,,220.0
josholiver,josholiver,Josh Oliver,TE,169.97,1,169.97,,221.0
erickall,erickall,Erick All Jr.,TE,169.97,1,169.97,,222.0
elijahhiggins,elijahhiggins,Elijah Higgins,TE,169.97,1,169.97,,223.0
adonaimitchell,adonaimitchell,Adonai Mitchell,WR,169.97,1,169.97,,224.0
brycelance,brycelance,Bryce Lance,WR,169.98,1,169.98,,225.0
noahgray,noahgray,Noah Gray,TE,169.98,1,169.98,,226.0
nicholassingleton,nicholassingleton,Nicholas Singleton,RB,169.98,1,169.98,,227.0
ashtondulin,ashtondulin,Ashton Dulin,WR,169.98,1,169.98,,228.0
joeflacco,joeflacco,Joe Flacco,QB,169.98,1,169.98,,229.0
willkacmarek,willkacmarek,Will Kacmarek,TE,169.99,1,169.99,,230.0
devontezwalker,devontezwalker,Devontez Walker,WR,169.99,1,169.99,,231.0
drewsample,drewsample,Drew Sample,TE,169.99,1,169.99,,232.0
marquisebrown,marquisebrown,Hollywood Brown,WR,169.99,1,169.99,,233.0
kendrickbourne,kendrickbourne,Kendrick Bourne,WR,169.99,1,169.99,,234.0
joemilton,joemilton,Joe Milton III,QB,170.0,1,170.0,,235.0
marvinmims,marvinmims,Marvin Mims Jr.,WR,170.0,1,170.0,,236.0
reggiegilliam,reggiegilliam,Reggie Gilliam,RB,170.0,1,170.0,,237.0
anthonyrichardson,anthonyrichardson,Anthony Richardson Sr.,QB,170.0,1,170.0,,238.0
kendremiller,kendremiller,Kendre Miller,RB,170.0,1,170.0,,239.0
austinhooper,austinhooper,Austin Hooper,TE,170.0,1,170.0,,240.0
kirkcousins,kirkcousins,Kirk Cousins,QB,170.01,1,170.01,,241.0
vanjefferson,vanjefferson,Van Jefferson,WR,170.01,1,170.01,,242.0
masonrudolph,masonrudolph,Mason Rudolph,QB,170.02,1,170.02,,243.0
rileyleonard,rileyleonard,Riley Leonard,QB,170.02,1,170.02,,244.0
zanegonzalez,zanegonzalez,Zane Gonzalez,K,170.02,1,170.02,,245.0
jarrettstidham,jarrettstidham,Jarrett Stidham,QB,170.02,1,170.02,,246.0
jaylinlane,jaylinlane,Jaylin Lane,WR,170.02,1,170.02,,247.0
kevincoleman,kevincoleman,Kevin Coleman Jr.,WR,170.02,1,170.02,,248.0
treylonburks,treylonburks,Treylon Burks,WR,170.02,1,170.02,,249.0
olamidezaccheaus,olamidezaccheaus,Olamide Zaccheaus,WR,170.02,1,170.02,,250.0
xavierhutchinson,xavierhutchinson,Xavier Hutchinson,WR,170.02,1,170.02,,251.0
devinsingletary,devinsingletary,Devin Singletary,RB,170.03,1,170.03,,252.0
noahfant,noahfant,Noah Fant,TE,170.03,1,170.03,,253.0
tommytremble,tommytremble,Tommy Tremble,TE,170.03,1,170.03,,254.0
deshaunwatson,deshaunwatson,Deshaun Watson,QB,170.03,1,170.03,,255.0
keoncoleman,keoncoleman,Keon Coleman,WR,170.04,1,170.04,,256.0
patrickricard,patrickricard,Patrick Ricard,RB,170.04,1,170.04,,257.0
nickmullens,nickmullens,Nick Mullens,QB,170.04,1,170.04,,258.0
jakebrowning,jakebrowning,Jake Browning,QB,170.04,1,170.04,,259.0
maxklare,maxklare,Max Klare,TE,170.04,1,170.04,,260.0
dariusslayton,dariusslayton,Darius Slayton,WR,170.04,1,170.04,,261.0
kaelonblack,kaelonblack,Kaelon Black,RB,170.05,1,170.05,,262.0
kalebjohnson,kalebjohnson,Kaleb Johnson,RB,170.05,1,170.05,,263.0
isaacteslaa,isaacteslaa,Isaac TeSlaa,WR,170.05,1,170.05,,264.0
darnellmooney,darnellmooney,Darnell Mooney,WR,170.06,1,170.06,,265.0
kylejuszczyk,kylejuszczyk,Kyle Juszczyk,RB,170.07,1,170.07,,266.0
treybenson,treybenson,Trey Benson,RB,170.07,1,170.07,,267.0
rileynowakowski,rileynowakowski,Riley Nowakowski,RB,170.07,1,170.07,,268.0
michaelpenix,michaelpenix,Michael Penix Jr.,QB,170.07,1,170.07,,269.0
jatavionsanders,jatavionsanders,Ja'Tavion Sanders,TE,170.08,1,170.08,,270.0
connorheyward,connorheyward,Connor Heyward,RB,170.08,1,170.08,,271.0
hunterluepke,hunterluepke,Hunter Luepke,RB,170.08,1,170.08,,272.0
andreiiosivas,andreiiosivas,Andrei Iosivas,WR,170.08,1,170.08,,273.0
andrewbeck,andrewbeck,Andrew Beck,RB,170.08,1,170.08,,274.0
elijaharroyo,elijaharroyo,Elijah Arroyo,TE,170.08,1,170.08,,275.0
trevoretienne,trevoretienne,Trevor Etienne,RB,170.08,1,170.08,,276.0
malikdavis,malikdavis,Malik Davis,RB,170.09,1,170.09,,277.0
savionwilliams,savionwilliams,Savion Williams,WR,170.09,1,170.09,,278.0
xavierlegette,xavierlegette,Xavier Legette,WR,170.09,1,170.09,,279.0
isaiahdavis,isaiahdavis,Isaiah Davis,RB,170.09,1,170.09,,280.0
willshipley,willshipley,Will Shipley,RB,170.1,1,170.1,,281.0
chrisbrazzell,chrisbrazzell,Chris Brazzell II,WR,170.1,1,170.1,,282.0
elijahsarratt,elijahsarratt,Elijah Sarratt,WR,170.1,1,170.1,,283.0
alecingold,alecingold,Alec Ingold,RB,170.1,1,170.1,,284.0
tahjbrooks,tahjbrooks,Tahj Brooks,RB,170.11,1,170.11,,285.0
joeyslye,joeyslye,Joey Slye,K,170.11,1,170.11,,286.0
gregdulcich,gregdulcich,Greg Dulcich,TE,170.11,1,170.11,,287.0
chrisbrooks,chrisbrooks,Chris Brooks,RB,170.12,1,170.12,,288.0
jaylenwright,jaylenwright,Jaylen Wright,RB,170.12,1,170.12,,289.0
sethmcgowan,sethmcgowan,Seth McGowan,RB,170.12,1,170.12,,290.0
demondclaiborne,demondclaiborne,Demond Claiborne,RB,170.12,1,170.12,,291.0
michaelmayer,michaelmayer,Michael Mayer,TE,170.13,1,170.13,,292.0
olliegordon,olliegordon,Ollie Gordon II,RB,170.13,1,170.13,,293.0
kaytronallen,kaytronallen,Kaytron Allen,RB,170.13,1,170.13,,294.0
elistowers,elistowers,Eli Stowers,TE,170.14,1,170.14,,295.0
tylerbadie,tylerbadie,Tyler Badie,RB,170.14,1,170.14,,296.0
djgiddens,djgiddens,DJ Giddens,RB,170.14,1,170.14,,297.0
saintsdst,saintsdst,Saints D/ST,DST,170.15,1,170.15,,298.0
seantucker,seantucker,Sean Tucker,RB,170.15,1,170.15,,299.0
tedhurst,tedhurst,Ted Hurst III,WR,170.15,1,170.15,,300.0
jacobybrissett,jacobybrissett,Jacoby Brissett,QB,170.15,1,170.15,,301.0
adamprentice,adamprentice,Adam Prentice,RB,170.15,1,170.15,,302.0
calebdouglas,calebdouglas,Caleb Douglas,WR,170.16,1,170.16,,303.0
emaridemercado,emaridemercado,Emari Demercado,RB,170.16,1,170.16,,304.0
jahandotson,jahandotson,Jahan Dotson,WR,170.16,1,170.16,,305.0
adamrandall,adamrandall,Adam Randall,RB,170.17,1,170.17,,306.0
georgeholani,georgeholani,George Holani,RB,170.17,1,170.17,,307.0
lequintallen,lequintallen,LeQuint Allen Jr.,RB,170.19,1,170.19,,308.0
jordanjames,jordanjames,Jordan James,RB,170.19,1,170.19,,309.0
malikwashington,malikwashington,Malik Washington,WR,170.19,1,170.19,,310.0
dyamibrown,dyamibrown,Dyami Brown,WR,170.19,1,170.19,,311.0
kimanividal,kimanividal,Kimani Vidal,RB,170.21,1,170.21,,312.0
jalentolbert,jalentolbert,Jalen Tolbert,WR,170.21,1,170.21,,313.0
charliesmyth,charliesmyth,Charlie Smyth,K,170.24,1,170.24,,314.0
tankdell,tankdell,Tank Dell,WR,170.25,1,170.25,,315.0
nickwestbrookikhine,nickwestbrookikhine,Nick Westbrook-Ikhine,WR,170.26,1,170.26,,316.0
genosmith,genosmith,Geno Smith,QB,170.26,1,170.26,,317.0
ryanflournoy,ryanflournoy,Ryan Flournoy,WR,170.27,1,170.27,,318.0
tyjohnson,tyjohnson,Ty Johnson,RB,170.28,1,170.28,,319.0
keatonmitchell,keatonmitchell,Keaton Mitchell,RB,170.28,1,170.28,,320.0
davidnjoku,davidnjoku,David Njoku,TE,170.28,1,170.28,,321.0
andyborregales,andyborregales,Andy Borregales,K,170.28,1,170.28,,322.0
marshawnlloyd,marshawnlloyd,MarShawn Lloyd,RB,170.28,1,170.28,,323.0
justicehill,justicehill,Justice Hill,RB,170.28,1,170.28,,324.0
theojohnson,theojohnson,Theo Johnson,TE,170.3,1,170.3,,325.0
chrisbell,chrisbell,Chris Bell,WR,170.3,1,170.3,,326.0
mikewashington,mikewashington,Mike Washington Jr.,RB,170.33,1,170.33,,327.0
willutz,willutz,Wil Lutz,K,170.33,1,170.33,,328.0
brandonaiyuk,brandonaiyuk,Brandon Aiyuk,WR,170.34,1,170.34,,329.0
dontayvionwicks,dontayvionwicks,Dontayvion Wicks,WR,170.34,1,170.34,,330.0
blakegrupe,blakegrupe,Blake Grupe,K,170.36,1,170.36,,331.0
coltsdst,coltsdst,Colts D/ST,DST,170.38,1,170.38,,332.0
cadeotton,cadeotton,Cade Otton,TE,170.39,1,170.39,,333.0
evanengram,evanengram,Evan Engram,TE,170.44,1,170.44,,334.0
dezhaunstribling,dezhaunstribling,De'Zhaun Stribling,WR,170.46,1,170.46,,335.0
treharris,treharris,Tre' Harris,WR,170.48,1,170.48,,336.0
rashodbateman,rashodbateman,Rashod Bateman,WR,170.5,1,170.5,,337.0
dylansampson,dylansampson,Dylan Sampson,RB,170.52,1,170.52,,338.0
samajeperine,samajeperine,Samaje Perine,RB,170.52,1,170.52,,339.0
cairosantos,cairosantos,Cairo Santos,K,170.55,2,166.1,175.0,340.0
kayshonboutte,kayshonboutte,Kayshon Boutte,WR,170.62,1,170.62,,341.0
mikegesicki,mikegesicki,Mike Gesicki,TE,170.63,1,170.63,,342.0
toryhorton,toryhorton,Tory Horton,WR,170.66,1,170.66,,343.0
raydavis,raydavis,Ray Davis,RB,170.67,1,170.67,,344.0
troyfranklin,troyfranklin,Troy Franklin,WR,170.72,1,170.72,,345.0
tuatagovailoa,tuatagovailoa,Tua Tagovailoa,QB,170.72,1,170.72,,346.0
jaketonges,jaketonges,Jake Tonges,TE,170.74,1,170.74,,347.0
christiankirk,christiankirk,Christian Kirk,WR,170.77,1,170.77,,348.0
emanuelwilson,emanuelwilson,Emanuel Wilson,RB,170.79,1,170.79,,349.0
jaylinnoel,jaylinnoel,Jaylin Noel,WR,170.8,1,170.8,,350.0
colbyparkinson,colbyparkinson,Colby Parkinson,TE,170.84,1,170.84,,351.0
patbryant,patbryant,Pat Bryant,WR,170.97,1,170.97,,352.0
jackbech,jackbech,Jack Bech,WR,170.99,1,170.99,,353.0
devaughnvele,devaughnvele,Devaughn Vele,WR,171.01,1,171.01,,354.0
fernandomendoza,fernandomendoza,Fernando Mendoza,QB,171.02,2,166.04,176.0,355.0
calvinridley,calvinridley,Calvin Ridley,WR,171.93,2,166.85,177.0,356.0
cjstroud,cjstroud,C.J. Stroud,QB,172.33,2,166.67,178.0,357.0
brentonstrange,brentonstrange,Brenton Strange,TE,172.9,2,166.8,179.0,358.0
malikwillis,malikwillis,Malik Willis,QB,173.47,2,166.94,180.0,359.0
chrisrodriguez,chrisrodriguez,Chris Rodriguez Jr.,RB,174.26,2,167.52,181.0,360.0
terranceferguson,terranceferguson,Terrance Ferguson,TE,175.69,2,167.39,184.0,361.0
denzelboston,denzelboston,Denzel Boston,WR,176.33,2,167.67,185.0,362.0
tyronetracy,tyronetracy,Tyrone Tracy Jr.,RB,176.81,2,167.63,186.0,363.0
tylerallgeier,tylerallgeier,Tyler Allgeier,RB,178.17,2,168.34,188.0,364.0
tankbigsby,tankbigsby,Tank Bigsby,RB,178.6,2,168.2,189.0,365.0
chasemclaughlin,chasemclaughlin,Chase McLaughlin,K,179.1,2,168.2,190.0,366.0
daltonschultz,daltonschultz,Dalton Schultz,TE,179.6,2,168.2,191.0,367.0
orondegadsden,orondegadsden,Oronde Gadsden II,TE,180.07,2,168.15,192.0,368.0
tyreekhill,tyreekhill,Tyreek Hill,WR,180.75,2,168.49,193.0,369.0
bryceyoung,bryceyoung,Bryce Young,QB,181.26,2,168.53,194.0,370.0
brianrobinson,brianrobinson,Brian Robinson Jr.,RB,181.82,2,168.64,195.0,371.0
cameronward,cameronward,Cameron Ward,QB,182.0,1,,182.0,372.0
dallascowboys,dallascowboys,Dallas Cowboys,DST,183.0,1,,183.0,373.0
tretucker,tretucker,Tre Tucker,WR,183.28,2,168.57,198.0,374.0
evanmcpherson,evanmcpherson,Evan McPherson,K,183.86,2,168.71,199.0,375.0
patfreiermuth,patfreiermuth,Pat Freiermuth,TE,184.39,2,168.78,200.0,376.0
cooperkupp,cooperkupp,Cooper Kupp,WR,184.98,2,168.96,201.0,377.0
jauanjennings,jauanjennings,Jauan Jennings,WR,186.09,2,169.18,203.0,378.0
ajbarner,ajbarner,AJ Barner,TE,186.59,2,169.18,204.0,379.0
greenbaypackers,greenbaypackers,Green Bay Packers,DST,187.0,1,,187.0,380.0
jakeelliott,jakeelliott,Jake Elliott,K,187.6,2,169.2,206.0,381.0
odellbeckham,odellbeckham,Odell Beckham Jr.,WR,189.19,2,169.38,209.0,382.0
shedeursanders,shedeursanders,Shedeur Sanders,QB,189.72,2,169.44,210.0,383.0
mattgay,mattgay,Matt Gay,K,190.76,2,169.53,212.0,384.0
germiebernard,germiebernard,Germie Bernard,WR,191.26,2,169.53,213.0,385.0
jakobilane,jakobilane,Ja'Kobi Lane,WR,191.79,2,169.58,214.0,386.0
braelonallen,braelonallen,Braelon Allen,RB,192.79,2,169.58,216.0,387.0
jamesconner,jamesconner,James Conner,RB,193.31,2,169.63,217.0,388.0
aaronrodgers,aaronrodgers,Aaron Rodgers,QB,193.75,2,169.5,218.0,389.0
treysmack,treysmack,Trey Smack,K,194.31,2,169.61,219.0,390.0
sanfrancisco49ers,sanfrancisco49ers,San Francisco 49ers,DST,196.0,1,,196.0,391.0
jalennailor,jalennailor,Jalen Nailor,WR,196.82,2,169.65,224.0,392.0
chigoziemokonkwo,chigoziemokonkwo,Chigoziem Okonkwo,TE,197.0,1,,197.0,393.0
jjmccarthy,jjmccarthy,J.J. McCarthy,QB,197.85,2,169.7,226.0,394.0
colekmet,colekmet,Cole Kmet,TE,198.38,2,169.76,227.0,395.0
gunnarhelm,gunnarhelm,Gunnar Helm,TE,199.38,2,169.76,229.0,396.0
darnellwashington,darnellwashington,Darnell Washington,TE,199.84,2,169.69,230.0,397.0
nickfolk,nickfolk,Nick Folk,K,201.44,2,169.88,233.0,398.0
tampabaybuccaneers,tampabaybuccaneers,Tampa Bay Buccaneers,DST,202.0,1,,202.0,399.0
tylerbass,tylerbass,Tyler Bass,K,202.45,2,169.9,235.0,400.0
kalifraymond,kalifraymond,Kalif Raymond,WR,202.92,2,169.84,236.0,401.0
deebosamuel,deebosamuel,Deebo Samuel,WR,203.88,2,169.77,238.0,402.0
ryanfitzgerald,ryanfitzgerald,Ryan Fitzgerald,K,204.44,2,169.89,239.0,403.0
chicagobears,chicagobears,Chicago Bears,DST,205.0,1,,205.0,404.0
andreszmyt,andreszmyt,Andre Szmyt,K,205.94,2,169.88,242.0,405.0
jakemoody,jakemoody,Jake Moody,K,206.44,2,169.87,243.0,406.0
dawsonknox,dawsonknox,Dawson Knox,TE,206.94,2,169.88,244.0,407.0
buffalobills,buffalobills,Buffalo Bills,DST,207.0,1,,207.0,408.0
kavontaeturpin,kavontaeturpin,KaVontae Turpin,WR,207.92,2,169.84,246.0,409.0
newyorkgiants,newyorkgiants,New York Giants,DST,208.0,1,,208.0,410.0
demariodouglas,demariodouglas,DeMario Douglas,WR,208.44,2,169.87,247.0,411.0
skylerbell,skylerbell,Skyler Bell,WR,208.94,2,169.87,248.0,412.0
zavionthomas,zavionthomas,Zavion Thomas,WR,209.44,2,169.88,249.0,413.0
jaydonblue,jaydonblue,Jaydon Blue,RB,209.94,2,169.89,250.0,414.0
cincinnatibengals,cincinnatibengals,Cincinnati Bengals,DST,211.0,1,,211.0,415.0
justinfields,justinfields,Justin Fields,QB,211.45,2,169.9,253.0,416.0
tommydevito,tommydevito,Tommy DeVito,QB,211.96,2,169.92,254.0,417.0
carsonbeck,carsonbeck,Carson Beck,QB,214.97,2,169.93,260.0,418.0
philiprivers,philiprivers,Philip Rivers,QB,215.0,1,,215.0,419.0
emmettjohnson,emmettjohnson,Emmett Johnson,RB,216.92,2,169.84,264.0,420.0
bensauls,bensauls,Ben Sauls,K,219.97,2,169.94,270.0,421.0
miamidolphins,miamidolphins,Miami Dolphins,DST,220.0,1,,220.0,422.0
jasonsanders,jasonsanders,Jason Sanders,K,220.45,2,169.9,271.0,423.0
justintucker,justintucker,Justin Tucker,K,221.0,1,,221.0,424.0
lasvegasraiders,lasvegasraiders,Las Vegas Raiders,DST,222.0,1,,222.0,425.0
washingtoncommanders,washingtoncommanders,Washington Commanders,DST,223.0,1,,223.0,426.0
jonahcoleman,jonahcoleman,Jonah Coleman,RB,223.47,2,169.93,277.0,427.0
jordanwhittington,jordanwhittington,Jordan Whittington,WR,223.97,2,169.93,278.0,428.0
eliraridon,eliraridon,Eli Raridon,TE,224.97,2,169.93,280.0,429.0
carolinapanthers,carolinapanthers,Carolina Panthers,DST,225.0,1,,225.0,430.0
tylerhigbee,tylerhigbee,Tyler Higbee,TE,225.97,2,169.95,282.0,431.0
cadendavis,cadendavis,Caden Davis,K,228.0,1,,228.0,432.0
masontaylor,masontaylor,Mason Taylor,TE,230.47,2,169.95,291.0,433.0
arizonacardinals,arizonacardinals,Arizona Cardinals,DST,231.0,1,,231.0,434.0
joshuapalmer,joshuapalmer,Joshua Palmer,WR,231.97,2,169.95,294.0,435.0
younghoekoo,younghoekoo,Younghoe Koo,K,232.0,1,,232.0,436.0
atlantafalcons,atlantafalcons,Atlanta Falcons,TK,233.0,1,,233.0,437.0
michaeltrigg,michaeltrigg,Michael Trigg,TE,234.0,1,,234.0,438.0
chadryland,chadryland,Chad Ryland,K,234.48,2,169.96,299.0,439.0
spencershrader,spencershrader,Spencer Shrader,K,237.0,1,,237.0,440.0
tennesseetitans,tennesseetitans,Tennessee Titans,DST,240.0,1,,240.0,441.0
mattprater,mattprater,Matt Prater,K,241.0,1,,241.0,442.0
tysonbagent,tysonbagent,Tyson Bagent,QB,245.0,1,,245.0,443.0
newyorkjets,newyorkjets,New York Jets,DST,251.0,1,,251.0,444.0
liljordanhumphrey,liljordanhumphrey,Lil'Jordan Humphrey,WR,252.0,1,,252.0,445.0
jahdaewalker,jahdaewalker,Jahdae Walker,WR,255.0,1,,255.0,446.0
quinnewers,quinnewers,Quinn Ewers,QB,256.0,1,,256.0,447.0
jakebobo,jakebobo,Jake Bobo,WR,258.0,1,,258.0,448.0
grahamgano,grahamgano,Graham Gano,K,259.0,1,,259.0,449.0
judemcatamney,judemcatamney,Jude McAtamney,K,261.0,1,,261.0,450.0
salcannella,salcannella,Sal Cannella,TE,262.0,1,,262.0,451.0
lukeschoonmaker,lukeschoonmaker,Luke Schoonmaker,TE,263.0,1,,263.0,452.0
rileypatterson,rileypatterson,Riley Patterson,K,265.0,1,,265.0,453.0
teddybridgewater,teddybridgewater,Teddy Bridgewater,QB,266.0,1,,266.0,454.0
lukemusgrave,lukemusgrave,Luke Musgrave,TE,267.0,1,,267.0,455.0
roschonjohnson,roschonjohnson,Roschon Johnson,RB,268.0,1,,268.0,456.0
zachwilson,zachwilson,Zach Wilson,QB,269.0,1,,269.0,457.0
dillongabriel,dillongabriel,Dillon Gabriel,QB,272.0,1,,272.0,458.0
jacoreybrooks,jacoreybrooks,Ja'Corey Brooks,WR,273.0,1,,273.0,459.0
kadenprather,kadenprather,Kaden Prather,WR,274.0,1,,274.0,460.0
gardnerminshew,gardnerminshew,Gardner Minshew,QB,275.0,1,,275.0,461.0
lucashavrisik,lucashavrisik,Lucas Havrisik,K,276.0,1,,276.0,462.0
spencerrattler,spencerrattler,Spencer Rattler,QB,279.0,1,,279.0,463.0
malachifields,malachifields,Malachi Fields,WR,281.0,1,,281.0,464.0
tylerhuntley,tylerhuntley,Tyler Huntley,QB,283.0,1,,283.0,465.0
michaelpratt,michaelpratt,Michael Pratt,QB,284.0,1,,284.0,466.0
mackhollins,mackhollins,Mack Hollins,WR,285.0,1,,285.0,467.0
romanwilson,romanwilson,Roman Wilson,WR,286.0,1,,286.0,468.0
braydennarveson,braydennarveson,Brayden Narveson,K,288.0,1,,288.0,469.0
brenenthompson,brenenthompson,Brenen Thompson,WR,289.0,1,,289.0,470.0
samroush,samroush,Sam Roush,TE,290.0,1,,290.0,471.0
marquezvaldesscantling,marquezvaldesscantling,Marquez Valdes-Scantling,WR,292.0,1,,292.0,472.0
brockwright,brockwright,Brock Wright,TE,293.0,1,,293.0,473.0
eftonchism,eftonchism,Efton Chism,WR,295.0,1,,295.0,474.0
cadeyork,cadeyork,Cade York,K,296.0,1,,296.0,475.0
joshuakarty,joshuakarty,Joshua Karty,K,297.0,1,,297.0,476.0
jujusmithschuster,jujusmithschuster,JuJu Smith-Schuster,WR,298.0,1,,298.0,477.0
tannermckee,tannermckee,Tanner McKee,QB,300.0,1,,300.0,478.0
